{"cameraMode":{"drawMode":0,"name":"Shaded","section":"Shading Mode"},"sceneLighting":false,"audioPlay":false,"sceneViewState":{"showFog":true,"showMaterialUpdate":false,"showSkybox":true,"showFlares":true,"showImageEffects":true,"showParticleSystems":true},"in2DMode":false,"pivot":{"x":-0.30132022500038149,"y":-0.811939001083374,"z":3.772904396057129},"rotation":{"x":-0.24513328075408936,"y":0.03401709720492363,"z":-0.00860687717795372,"w":-0.9688647985458374},"size":4.900000095367432,"orthographic":false}