{"cameraMode":{"drawMode":0,"name":"Shaded","section":"Shading Mode"},"sceneLighting":false,"audioPlay":false,"sceneViewState":{"showFog":true,"showMaterialUpdate":false,"showSkybox":true,"showFlares":true,"showImageEffects":true,"showParticleSystems":true},"in2DMode":false,"pivot":{"x":1192.6561279296875,"y":-108.9951171875,"z":-669.515625},"rotation":{"x":-0.026836538687348367,"y":0.9627390503883362,"z":-0.24819836020469666,"w":-0.10408898442983628},"size":3346.18408203125,"orthographic":false}