{"cameraMode":{"drawMode":0,"name":"Shaded","section":"Shading Mode"},"sceneLighting":false,"audioPlay":false,"sceneViewState":{"showFog":true,"showMaterialUpdate":false,"showSkybox":false,"showFlares":true,"showImageEffects":true,"showParticleSystems":true},"in2DMode":false,"pivot":{"x":-0.36602115631103518,"y":-0.023605823516845704,"z":-1.7686948776245118},"rotation":{"x":0.05711955577135086,"y":-0.7993524670600891,"z":0.07697445154190064,"w":0.5931658744812012},"size":3.834407091140747,"orthographic":false}