{"cameraMode":{"drawMode":0,"name":"Shaded","section":"Shading Mode"},"sceneLighting":false,"audioPlay":false,"sceneViewState":{"showFog":true,"showMaterialUpdate":false,"showSkybox":false,"showFlares":true,"showImageEffects":true,"showParticleSystems":true},"in2DMode":false,"pivot":{"x":-0.13593757152557374,"y":0.06713545322418213,"z":-0.005251884460449219},"rotation":{"x":-0.002765198005363345,"y":-0.9965482354164124,"z":0.07427864521741867,"w":-0.037092424929142},"size":4.166025161743164,"orthographic":false}