{"cameraMode":{"drawMode":0,"name":"Shaded","section":"Shading Mode"},"sceneLighting":false,"audioPlay":false,"sceneViewState":{"showFog":true,"showMaterialUpdate":false,"showSkybox":true,"showFlares":true,"showImageEffects":true,"showParticleSystems":true},"in2DMode":false,"pivot":{"x":1.6862021684646607,"y":0.9784481525421143,"z":-2.0139670372009279},"rotation":{"x":0.002356406068429351,"y":-0.9973414540290833,"z":0.06231333687901497,"w":0.03771399334073067},"size":2.569999933242798,"orthographic":false}