{"cameraMode":{"drawMode":0,"name":"Shaded","section":"Shading Mode"},"sceneLighting":false,"audioPlay":false,"sceneViewState":{"showFog":true,"showMaterialUpdate":false,"showSkybox":false,"showFlares":true,"showImageEffects":true,"showParticleSystems":true},"in2DMode":false,"pivot":{"x":1023.5999755859375,"y":445.98626708984377,"z":0.0},"rotation":{"x":0.035644806921482089,"y":-0.04585927724838257,"z":-0.0016369643853977323,"w":-0.9983206987380981},"size":34.852928161621097,"orthographic":false}